TEAM A,FS8M001
TEAM B,FS8M002
TEAM C,FS8M003
TEAM D,FS8M004
TEAM E,FS8M005
TEAM F,FS8M006
TEAM G,FS8M007
TEAM H,FS8M008
TEAM I,FS8M009
TEAM J,FS8M010
TEAM K,FS8M011
TEAM L,FS8M012
TEAM M,FS8M013
TEAM N,FS8M014
TEAM O,FS8M015
TEAM P,FS8M016
TEAM Q,FS8M017
TEAM R,FS8M018
TEAM S,FS8M019
TEAM T,FS8M020
TEAM U,FS8M021
TEAM V,FS8M022
TEAM W,FS8M023
TEAM X,FS8M024
TEAM Y,FS8M025
TEAM Z,FS8M026
TEAM AA,FS8M027
TEAM 1,FS8M028
TEAM 2,FS8M029
TEAM 3,FS8M030
TEAM 4,FS8M031
TEAM 5,FS8M032
TEAM 6,FS8M033
TEAM 7,FS8M034
TEAM 8,FS8M035
TEAM 9,FS8M036
TEAM 10,FS8M037