Reactors,FSCC001
Cynics,FSCC002
Anonymous,FSCC003
Penguin,FSCC004
Dash,FSCC005
Team 99,FSCC006
Recall,FSCC007
Anonymous1,FSCC008
social casualty,FSCC009
titans,FSCC010
Detectives,FSCC011
Roar,FSCC012
Detective Duo,FSCC013
Unsolved,FSCC014
tourists,FSCC015
Mechboys,FSCC016
Runtime terrors,FSCC017
MuSigma,FSCC018
Anonymous22,FSCC019
NPN,FSCC020
Heisenbugs,FSCC021
Virus,FSCC022
Codemasters,FSCC023
Nj,FSCC024
Gomma,FSCC025
Veg Biryani,FSCC026
Edith,FSCC027
Scorpions,FSCC028
Team 404,FSCC029
JJ TEAM,FSCC030
Ahh shit here we go again 2,FSCC031
Ah shit here we go again,FSCC032
team af,FSCC033
Codebreakers,FSCC034
"code crackers
",FSCC035
Access denied,FSCC036
Randomn,FSCC037
Unique,FSCC038
found Sherlock,FSCC039
Slock,FSCC040
One piece,FSCC041
Vinsmoke,FSCC042
SV,FSCC043
Code mongers,FSCC044
ESE,FSCC045
incognito,FSCC046
iRobots,FSCC047
Sherlockees,FSCC048
Dracarys,FSCC049
Curiosity,FSCC050
CVery#,FSCC051
Allah Hu Akbar,FSCC052
Star,FSCC053
Moriartians,FSCC054
Sapphire,FSCC055
Mike Rotch,FSCC056
Victory,FSCC057
Know pain,FSCC058
Arthik,FSCC059
ESSAR,FSCC060
Detective Eyes,FSCC061
Quest,FSCC062
Team@569,FSCC063
Teja rockz,FSCC064
Sidadk,FSCC065
Twisted buddies,FSCC066
return 0,FSCC067
sherlockholic,FSCC068
Spiral,FSCC069
Phoenix,FSCC070
Sherlock Found,FSCC071
rcb,FSCC072
AANA,FSCC073
Fil my life,FSCC074
Kaagaz,FSCC075
Past glory,FSCC076
ESPEE,FSCC077
Heil Hitler,FSCC078
R V College of Engineering,FSCC079
Mingos,FSCC080
13,FSCC081
Baker street boys,FSCC082
Reichenbach,FSCC083
TeamByomkesh,FSCC084
Elementary,FSCC085
EliteHackers,FSCC086
BDBA,FSCC087
NotSherlock,FSCC088
!(coders),FSCC089
ch4os,FSCC090
Mystery Insight,FSCC091
MindBenders,FSCC092
Anonymous,FSCC093
Irish Kelso,FSCC094
Muetwo,FSCC095
Agents47,FSCC096
Unicorn404,FSCC097
Team Shadows,FSCC098
BS18,FSCC099
